City_ID,City,Country,Lat,Lng,Max Temp,Humidity,Cloudiness,Wind Speed,Current Description
0,Masallatah,LY,32.6167,14.0,75.13,40,2,11.9,clear sky
1,San Luis,AR,-33.295,-66.3356,44.91,72,69,24.47,broken clouds
2,Kapaa,US,22.0752,-159.319,78.78,73,40,11.5,scattered clouds
3,Rikitea,PF,-23.1203,-134.9692,75.0,76,21,6.53,light rain
4,Puerto Colombia,CO,10.9878,-74.9547,84.29,76,100,13.38,overcast clouds
5,Buala,SB,-8.145,159.5921,79.32,82,44,4.68,scattered clouds
6,Carnarvon,AU,-24.8667,113.6333,71.24,65,100,8.79,overcast clouds
7,Longyearbyen,SJ,78.2186,15.6401,42.64,81,75,4.61,broken clouds
8,Saint-Philippe,RE,-21.3585,55.7679,69.39,76,13,3.0,few clouds
9,Beasain,ES,43.0502,-2.2009,60.08,95,39,4.94,light rain
10,Castro,BR,-24.7911,-50.0119,63.88,64,0,4.79,clear sky
11,Jiaozuo,CN,35.2397,113.2331,67.17,33,100,1.19,overcast clouds
12,Busselton,AU,-33.65,115.3333,53.85,85,0,4.76,clear sky
13,Cape Town,ZA,-33.9258,18.4232,61.12,94,75,4.0,light rain
14,Thinadhoo,MV,0.5333,72.9333,83.03,71,66,5.5,broken clouds
15,Kodiak,US,57.79,-152.4072,51.31,71,100,8.05,overcast clouds
16,Cervo,ES,43.6702,-7.4101,57.96,86,14,2.46,few clouds
17,Punta Arenas,CL,-53.15,-70.9167,44.62,75,20,17.27,few clouds
18,Nizhniy Baskunchak,RU,48.2198,46.8311,57.76,59,48,8.55,scattered clouds
19,Los Llanos De Aridane,ES,28.6585,-17.9182,64.15,79,75,13.8,broken clouds
20,Ilo,PE,-17.6394,-71.3375,65.26,77,0,6.91,clear sky
21,Severo-Kurilsk,RU,50.6789,156.125,39.97,96,100,8.37,light rain
22,Bambanglipuro,ID,-7.95,110.2833,76.91,88,100,3.96,overcast clouds
23,Atuona,PF,-9.8,-139.0333,78.26,77,18,18.45,light rain
24,Sao Joao Da Barra,BR,-21.6403,-41.0511,77.09,72,0,9.69,clear sky
25,East London,ZA,-33.0153,27.9116,63.95,74,3,14.67,clear sky
26,Vanavara,RU,60.34,102.2797,46.38,91,98,8.14,overcast clouds
27,Vanimo,PG,-2.6741,141.3028,78.26,83,100,0.56,overcast clouds
28,San Patricio,US,28.017,-97.5169,87.69,69,99,15.08,overcast clouds
29,Boyolangu,ID,-8.1181,111.8935,76.32,91,100,2.89,overcast clouds
30,Cabra,ES,37.4725,-4.4421,60.19,31,18,6.15,few clouds
31,Naze,JP,28.3667,129.4833,70.32,91,100,7.81,overcast clouds
32,Arraial Do Cabo,BR,-22.9661,-42.0278,75.06,69,0,17.27,clear sky
33,Provideniya,RU,64.3833,-173.3,43.81,65,100,5.5,overcast clouds
34,Petatlan,MX,17.5167,-101.2667,87.6,52,10,9.28,clear sky
35,Ushuaia,AR,-54.8,-68.3,44.22,81,40,37.98,scattered clouds
36,Utete,TZ,-7.986,38.758,71.56,97,92,2.82,overcast clouds
37,Bobo Dioulasso,BF,11.1771,-4.2979,82.58,48,84,3.24,light rain
38,North Platte,US,41.1239,-100.7654,64.29,45,20,23.02,few clouds
39,Mataura,NZ,-46.1927,168.8643,40.48,97,21,2.57,few clouds
40,Narsaq,GL,60.9167,-46.05,48.42,45,50,3.38,scattered clouds
41,Isangel,VU,-19.55,169.2667,76.12,80,29,4.9,scattered clouds
42,Avarua,CK,-21.2078,-159.775,80.65,78,10,5.75,clear sky
43,Coihaique,CL,-45.5752,-72.0662,39.81,70,20,0.0,few clouds
44,Port Alfred,ZA,-33.5906,26.891,62.19,82,0,7.0,clear sky
45,Upernavik,GL,72.7868,-56.1549,25.12,62,78,9.04,broken clouds
46,Aklavik,CA,68.2191,-135.0107,44.22,62,96,2.93,overcast clouds
47,Bathsheba,BB,13.2167,-59.5167,84.81,70,20,17.27,few clouds
48,Khatanga,RU,71.9667,102.5,27.36,91,71,4.92,broken clouds
49,Faanui,PF,-16.4833,-151.75,80.6,66,6,13.73,clear sky
50,Tuktoyaktuk,CA,69.4541,-133.0374,34.03,82,98,3.56,overcast clouds
51,Yellowknife,CA,62.456,-114.3525,55.56,30,16,5.99,few clouds
52,Hithadhoo,MV,-0.6,73.0833,83.34,65,100,3.87,overcast clouds
53,Mahebourg,MU,-20.4081,57.7,71.26,70,10,8.99,clear sky
54,Kloulklubed,PW,7.0419,134.2556,78.26,85,100,12.77,overcast clouds
55,Hasaki,JP,35.7333,140.8333,59.29,79,0,8.19,clear sky
56,Coquimbo,CL,-29.9533,-71.3436,60.53,82,0,14.97,clear sky
57,Lebu,CL,-37.6167,-73.65,51.44,76,14,17.67,few clouds
58,Saint-Francois,FR,46.4154,3.9054,58.44,63,0,2.3,clear sky
59,Souillac,MU,-20.5167,57.5167,72.68,75,0,7.61,clear sky
60,Jaten,ID,-7.5772,110.8975,75.7,91,100,0.63,overcast clouds
61,Vaini,TO,-21.2,-175.2,75.36,88,40,5.75,scattered clouds
62,Port Moresby,PG,-9.4431,147.1797,74.91,90,57,7.11,broken clouds
63,Boali,CF,4.8005,18.1275,73.69,85,22,1.28,few clouds
64,Hilo,US,19.7297,-155.09,88.29,71,75,4.61,broken clouds
65,Pinega,RU,64.7001,43.3936,43.16,89,100,8.9,overcast clouds
66,Katsuura,JP,35.1333,140.3,65.01,83,25,5.66,scattered clouds
67,Cidreira,BR,-30.1811,-50.2056,67.95,81,7,10.78,clear sky
68,Amahai,ID,-3.3333,128.9167,77.11,82,99,3.49,overcast clouds
69,Fortuna,US,40.5982,-124.1573,69.93,66,0,16.11,clear sky
70,Areka,ET,7.0667,37.7,60.19,94,99,2.44,light rain
71,Ferrol,ES,43.4832,-8.2369,61.32,85,13,8.59,few clouds
72,Burns Lake,CA,54.2331,-125.7533,54.0,53,100,2.71,overcast clouds
73,Albany,US,42.6001,-73.9662,76.44,47,99,5.66,overcast clouds
74,Clyde River,CA,70.4692,-68.5914,21.04,89,100,19.86,light snow
75,Tiarei,PF,-17.5333,-149.3333,82.42,74,20,12.24,few clouds
76,Georgetown,MY,5.4112,100.3354,80.53,83,20,0.0,few clouds
77,Kieta,PG,-6.2167,155.6333,77.9,82,94,3.13,overcast clouds
78,Tasiilaq,GL,65.6145,-37.6368,37.56,86,100,2.48,overcast clouds
79,Mar Del Plata,AR,-38.0023,-57.5575,56.08,66,40,12.66,scattered clouds
80,Ola,RU,59.5833,151.2833,35.58,98,100,10.45,light rain
81,New Norfolk,AU,-42.7826,147.0587,45.91,88,10,2.82,clear sky
82,Hobart,AU,-42.8794,147.3294,46.26,93,7,5.75,clear sky
83,Santa Vitoria Do Palmar,BR,-33.5189,-53.3681,60.35,97,100,9.1,overcast clouds
84,Barrow,US,71.2906,-156.7887,33.82,86,20,17.27,few clouds
85,Alofi,NU,-19.0595,-169.9187,78.69,83,40,8.05,scattered clouds
86,Atikokan,CA,48.7555,-91.6216,56.41,55,100,11.72,overcast clouds
87,Were Ilu,ET,10.6,39.4333,57.49,38,7,6.46,clear sky
88,Horsham,GB,51.064,-0.3272,61.02,74,0,11.5,clear sky
89,Ilulissat,GL,69.2167,-51.1,39.22,41,40,11.5,scattered clouds
90,Sandy Bay,AU,-42.913,147.3532,46.29,93,6,5.75,clear sky
91,Broken Hill,AU,-31.95,141.4333,57.69,74,91,4.29,overcast clouds
92,Fort Nelson,CA,58.8053,-122.7002,58.86,43,100,1.57,overcast clouds
93,Powell River,CA,49.8496,-124.5361,65.08,82,75,13.8,broken clouds
94,Sechura,PE,-5.5569,-80.8222,75.54,60,28,13.49,scattered clouds
95,Bluff,NZ,-46.6,168.3333,40.8,69,78,5.61,broken clouds
96,Bhikangaon,IN,21.8667,75.95,92.16,39,52,13.38,broken clouds
97,Puerto Ayora,EC,-0.7393,-90.3518,76.96,85,67,11.01,broken clouds
98,Biak,ID,-0.9131,122.8766,77.16,87,100,6.13,overcast clouds
99,Saskylakh,RU,71.9167,114.0833,13.75,98,77,2.89,broken clouds
100,Mayumba,GA,-3.432,10.6554,74.34,89,24,5.88,few clouds
101,Kula,TR,38.5473,28.6498,69.55,52,0,4.32,clear sky
102,Tautira,PF,-17.7333,-149.15,79.14,74,38,10.92,scattered clouds
103,Urumqi,CN,43.801,87.6005,77.95,34,0,4.47,clear sky
104,Pangnirtung,CA,66.1451,-65.7125,26.6,74,100,11.5,light snow
105,Lagoa,PT,39.05,-27.9833,61.75,76,0,12.33,clear sky
106,Toamasina,MG,-18.1667,49.3833,68.0,94,20,2.3,few clouds
107,Thompson,CA,55.7435,-97.8558,55.56,38,75,8.05,broken clouds
108,Hermanus,ZA,-34.4187,19.2345,59.81,86,70,5.93,light rain
109,Mahibadhoo,MV,3.7833,72.9667,82.67,73,85,7.67,overcast clouds
110,Chipinge,ZW,-20.1883,32.6236,58.1,64,0,2.13,clear sky
111,Didsbury,GB,53.417,-2.2315,59.76,71,78,11.5,broken clouds
112,Qaanaaq,GL,77.484,-69.3632,21.34,80,59,5.06,broken clouds
113,Bengkulu,ID,-3.8004,102.2655,74.21,87,100,4.97,overcast clouds
114,Bredasdorp,ZA,-34.5322,20.0403,59.76,90,93,4.07,light rain
115,Ponta Do Sol,PT,32.6667,-17.1,68.72,67,100,4.88,overcast clouds
116,Axim,GH,4.8699,-2.2405,78.82,79,100,5.48,light rain
117,Saint-Pierre,RE,-21.3393,55.4781,69.48,78,0,5.75,clear sky
118,Butaritari,KI,3.0707,172.7902,81.73,75,100,19.22,light rain
119,Klaksvik,FO,62.2266,-6.589,47.32,78,40,17.78,scattered clouds
120,Rio Gallegos,AR,-51.6226,-69.2181,46.45,57,0,28.77,clear sky
121,Umm Kaddadah,SD,13.6017,26.6876,84.54,9,92,9.08,overcast clouds
122,Karimpur,IN,23.9667,88.6167,82.8,73,0,0.89,clear sky
123,Road Town,VG,18.4167,-64.6167,84.24,65,20,13.8,few clouds
124,Chivilcoy,AR,-34.8957,-60.0167,51.49,62,100,7.83,overcast clouds
125,Lorengau,PG,-2.0226,147.2712,79.3,81,100,1.5,overcast clouds
126,Avera,US,33.194,-82.5271,83.71,49,95,10.07,overcast clouds
127,Yatou,CN,37.15,122.3833,54.52,60,0,6.35,clear sky
128,Le Port,RE,-20.9373,55.2919,69.8,68,0,3.8,clear sky
129,Alasehir,TR,38.3508,28.5172,73.96,52,0,3.51,clear sky
130,Aars,DK,56.804,9.5144,54.99,79,100,12.95,overcast clouds
131,Belmonte,BR,-15.8631,-38.8828,75.79,75,7,12.19,clear sky
132,Nemuro,JP,43.3236,145.575,46.38,98,79,9.35,broken clouds
133,Lekoni,GA,-1.5843,14.2591,74.23,86,100,4.74,moderate rain
134,Port Elizabeth,ZA,-33.918,25.5701,62.89,77,20,13.8,few clouds
135,Krasnoselkup,RU,65.7,82.4667,40.12,76,1,9.53,clear sky
136,Cururupu,BR,-1.8283,-44.8683,78.91,87,33,4.88,scattered clouds
137,Jamestown,US,42.097,-79.2353,75.02,54,20,11.01,few clouds
138,Mingshui,CN,36.7167,117.5,58.59,37,96,3.24,overcast clouds
139,Sambava,MG,-14.2667,50.1667,71.22,91,11,6.26,few clouds
140,Lac Du Bonnet,CA,50.2536,-96.0612,66.15,46,100,5.21,overcast clouds
141,Muisne,EC,0.6,-80.0333,78.49,81,72,9.91,broken clouds
142,Pevek,RU,69.7008,170.3133,33.26,91,24,8.5,few clouds
143,Sitka,US,57.0531,-135.33,55.29,54,40,9.22,scattered clouds
144,Kodinsk,RU,58.6881,99.1844,48.83,98,13,6.15,few clouds
145,Iqaluit,CA,63.7506,-68.5145,17.33,72,75,33.38,light shower snow
146,Kangaatsiaq,GL,68.3065,-53.4641,33.39,67,100,7.14,light snow
147,Kautokeino,NO,69.0125,23.0412,54.75,55,93,10.04,overcast clouds
148,Stornoway,GB,58.2093,-6.3865,49.96,76,40,11.5,scattered clouds
149,Ndele,CF,8.4109,20.6473,73.42,74,100,3.42,overcast clouds
150,Sao Jose Da Coroa Grande,BR,-8.8978,-35.1478,76.6,88,100,11.92,moderate rain
151,Petropavlovsk-Kamchatskiy,RU,53.0452,158.6483,37.99,100,100,6.71,overcast clouds
152,Ujkigyos,HU,46.5833,21.0333,71.74,94,100,16.15,heavy intensity rain
153,Leningradskiy,RU,69.3833,178.4167,45.93,67,100,5.99,overcast clouds
154,Galway,IE,53.2719,-9.0489,53.53,84,91,16.96,overcast clouds
155,Komsomolskiy,UZ,40.4272,71.7189,68.72,60,0,4.61,clear sky
156,Maniitsoq,GL,65.4167,-52.9,33.01,66,90,17.27,overcast clouds
157,Half Moon Bay,US,37.4636,-122.4286,99.54,57,40,16.11,scattered clouds
158,Nantucket,US,41.2835,-70.0995,61.09,44,0,12.66,clear sky
159,Norman Wells,CA,65.282,-126.8329,59.04,44,75,9.22,broken clouds
160,Saldanha,ZA,-33.0117,17.9442,60.85,89,0,5.41,clear sky
161,Cayenne,GF,4.9333,-52.3333,86.04,22,20,12.66,few clouds
162,Bethel,US,41.3712,-73.414,75.04,51,0,10.36,clear sky
163,Tura,IN,25.5198,90.2201,72.0,93,64,3.49,broken clouds
164,La Asuncion,VE,11.0333,-63.8628,81.09,76,80,18.41,broken clouds
165,Tiksi,RU,71.6872,128.8694,21.13,92,100,7.72,overcast clouds
166,Lavrentiya,RU,65.5833,-171.0,39.42,85,100,6.98,overcast clouds
167,Geraldton,AU,-28.7667,114.6,59.41,82,100,6.91,overcast clouds
168,Kaeo,NZ,-35.1,173.7833,51.33,94,100,4.25,overcast clouds
169,Luderitz,NA,-26.6481,15.1594,57.42,84,7,7.18,clear sky
170,Kichera,RU,55.9375,110.0997,48.0,60,47,1.79,scattered clouds
171,Temnikov,RU,54.6302,43.2148,38.62,84,91,6.04,overcast clouds
172,Hamilton,US,39.1834,-84.5333,83.71,68,75,12.66,broken clouds
173,Atar,MR,20.5169,-13.0499,99.81,8,98,11.9,overcast clouds
174,Butag,PH,12.6292,123.9335,79.74,86,100,3.58,overcast clouds
175,Kaitangata,NZ,-46.2817,169.8464,40.03,82,96,7.92,overcast clouds
176,Quatre Cocos,MU,-20.2078,57.7625,71.1,71,38,8.99,scattered clouds
177,Tawau,MY,4.2498,117.8871,77.13,89,100,4.65,moderate rain
178,Port-Gentil,GA,-0.7193,8.7815,76.96,83,20,9.22,few clouds
179,Nara,JP,34.6851,135.8049,68.5,65,100,4.21,overcast clouds
180,Anadyr,RU,64.75,177.4833,46.9,65,0,8.95,clear sky
181,Fairbanks,US,64.8378,-147.7164,63.01,45,75,10.36,broken clouds
182,Walvis Bay,NA,-22.9575,14.5053,55.09,94,0,3.44,clear sky
183,Rathdrum,US,47.8137,-116.892,64.8,67,100,5.75,overcast clouds
184,Chuy,UY,-33.6971,-53.4616,59.76,98,100,6.78,moderate rain
185,Nelson Bay,AU,-32.7167,152.15,53.1,98,100,3.11,overcast clouds
186,Dikson,RU,73.5069,80.5464,18.27,94,63,2.91,broken clouds
187,Ayan,RU,56.45,138.1667,39.2,84,100,5.08,overcast clouds
188,Leiyang,CN,26.4024,112.8591,73.02,99,98,2.71,overcast clouds
189,Beloha,MG,-25.1667,45.05,67.77,90,0,2.93,clear sky
190,La Tuque,CA,47.4334,-72.7824,73.65,20,95,4.61,overcast clouds
191,Whyalla,AU,-33.0333,137.5833,56.01,87,4,7.02,clear sky
192,Mmabatho,ZA,-25.85,25.6333,51.76,62,0,3.44,clear sky
193,Harlingen,US,26.1906,-97.6961,87.76,75,75,8.05,broken clouds
194,Lata,PT,40.1629,-8.3327,57.15,82,63,3.56,broken clouds
195,Saint-Georges,GD,12.0564,-61.7485,85.68,70,40,23.02,scattered clouds
196,Hagi,JP,34.4,131.4167,67.55,94,100,6.46,moderate rain
197,Vostok,RU,46.4856,135.8833,50.7,96,93,3.71,overcast clouds
198,Kavaratti,IN,10.5669,72.642,83.43,78,56,10.94,broken clouds
199,Varhaug,NO,58.6147,5.6457,51.48,96,100,15.61,moderate rain
200,Damaturu,NG,11.747,11.9608,90.34,15,5,3.51,clear sky
201,Seddon,AU,-37.8068,144.8916,58.6,83,75,16.11,light rain
202,Labuhan,ID,-6.8844,112.2051,79.93,83,100,3.04,light rain
203,Aksu,CN,41.1231,80.2644,74.95,31,45,8.5,scattered clouds
204,Turayf,SA,31.6725,38.6637,73.65,31,0,11.5,clear sky
205,Bubaque,GW,11.2833,-15.8333,78.1,79,96,14.81,overcast clouds
206,Oranjestad,AW,12.524,-70.027,85.95,70,20,25.32,few clouds
207,Kurchum,KZ,48.5722,83.6542,68.56,67,100,8.41,overcast clouds
208,Sept-Iles,CA,50.2001,-66.3821,66.72,37,75,10.36,broken clouds
209,Sinjar,IQ,36.3209,41.8754,68.97,25,0,7.02,clear sky
210,Tynda,RU,55.1667,124.7167,44.92,95,25,1.97,scattered clouds
211,Saint Anthony,US,45.0205,-93.218,53.22,90,100,11.5,overcast clouds
212,Quesnel,CA,52.9999,-122.5029,64.9,36,20,8.05,few clouds
213,Ancud,CL,-41.8697,-73.8203,45.68,59,4,2.93,clear sky
214,Atasu,KZ,48.6814,71.6433,65.57,36,0,2.86,clear sky
215,Batagay-Alyta,RU,67.8006,130.4114,25.27,85,97,8.61,overcast clouds
216,Darnah,LY,32.767,22.6367,72.14,49,0,2.17,clear sky
217,Gezing,AT,47.9178,13.1299,55.15,88,40,5.75,scattered clouds
218,Ayagoz,KZ,47.9714,80.4392,62.46,73,100,1.77,overcast clouds
219,Berlevag,NO,70.8578,29.0864,51.6,57,0,2.3,clear sky
220,Ambikapur,IN,23.1167,83.2,77.18,32,25,2.06,scattered clouds
221,Chokurdakh,RU,70.6333,147.9167,29.37,88,90,8.28,overcast clouds
222,Ural,RU,55.9078,94.7464,55.35,72,0,5.12,clear sky
223,Asau,RO,46.4333,26.4,63.52,90,23,4.99,few clouds
224,Sokyryany,UA,48.4475,27.4168,60.12,88,39,15.05,scattered clouds
225,Hualmay,PE,-11.0964,-77.6139,67.87,74,27,9.37,scattered clouds
226,Oussouye,SN,12.485,-16.5469,78.98,74,100,11.61,overcast clouds
227,Carlisle,US,40.2015,-77.1889,74.43,49,97,1.01,overcast clouds
228,Nioro,GM,13.35,-15.75,83.37,45,100,13.85,overcast clouds
229,Bilibino,RU,68.0546,166.4372,50.0,58,100,6.42,overcast clouds
230,Mount Gambier,AU,-37.8333,140.7667,55.31,94,75,10.36,broken clouds
231,Dwarka,IN,22.2394,68.9678,82.11,82,7,14.47,clear sky
232,Ailigandi,PA,9.2333,-78.0167,82.8,80,100,5.66,overcast clouds
233,Razdolinsk,RU,58.4211,94.6658,48.31,81,0,6.35,clear sky
234,Lapua,FI,62.9693,23.0088,59.68,82,98,3.91,overcast clouds
235,Bara,NG,10.3744,10.7288,89.33,32,26,5.23,scattered clouds
236,Odweyne,SO,9.4092,45.064,80.4,47,100,16.17,overcast clouds
237,Nouakchott,MR,18.0858,-15.9785,67.93,88,0,17.98,clear sky
238,Turukhansk,RU,65.8167,87.9833,40.78,79,100,10.2,overcast clouds
239,Wabag,PG,-5.4781,143.7021,53.62,98,89,2.19,overcast clouds
240,Vila,PT,42.0304,-8.1588,56.7,63,15,5.03,few clouds
241,Lompoc,US,34.6391,-120.4579,78.53,58,0,12.66,clear sky
242,Sao Filipe,CV,14.8961,-24.4956,72.32,75,0,11.86,clear sky
243,Ayr,GB,55.4627,-4.6339,51.78,76,20,20.71,light rain
244,Alcaudete,ES,37.5909,-4.0824,65.44,34,12,5.79,few clouds
245,Kabelvag,NO,68.2114,14.4817,52.54,87,75,10.36,broken clouds
246,Selcuk,TR,37.9514,27.3685,76.41,64,0,0.69,clear sky
247,Tala,EG,30.6803,30.9429,69.51,63,0,6.69,clear sky
248,Daru,PG,-9.0763,143.2092,78.66,83,98,10.13,overcast clouds
249,Juneau,US,58.3019,-134.4197,53.6,82,40,13.8,scattered clouds
250,Arlit,NE,18.7369,7.3853,89.67,10,66,2.08,broken clouds
251,Grand Gaube,MU,-20.0064,57.6608,71.38,77,31,1.99,scattered clouds
252,Ribeira Grande,PT,38.5167,-28.7,64.8,77,75,8.05,broken clouds
253,Esperance,AU,-33.8667,121.9,57.79,82,100,7.2,overcast clouds
254,Outjo,NA,-20.1167,16.15,59.16,29,0,3.02,clear sky
255,Vaitape,PF,-16.5167,-151.75,80.56,66,6,13.6,clear sky
256,Mastic Beach,US,40.7668,-72.8521,69.04,57,0,12.66,clear sky
257,Alyangula,AU,-13.8483,136.4192,74.35,76,16,6.49,few clouds
258,Kresttsy,RU,58.2452,32.5165,44.64,72,100,3.85,overcast clouds
259,Sorland,NO,67.667,12.6934,48.06,88,96,21.05,overcast clouds
260,Cianjur,ID,-6.8224,107.1393,71.15,94,97,0.63,overcast clouds
261,Menongue,AO,-14.6585,17.691,53.71,46,0,3.76,clear sky
262,Kansk,RU,56.2017,95.7175,55.15,78,1,7.29,clear sky
263,Matias Barbosa,BR,-21.8692,-43.3194,69.48,78,69,3.15,broken clouds
264,Cap Malheureux,MU,-19.9842,57.6142,71.47,77,28,1.99,scattered clouds
265,Cherskiy,RU,68.75,161.3,38.57,79,86,13.6,overcast clouds
266,Cheremshanka,RU,56.1192,60.268,44.65,98,41,4.63,scattered clouds
267,Krasnoarmeysk,RU,51.0239,45.6969,43.18,62,100,5.44,overcast clouds
268,Poum,NC,-20.2333,164.0167,75.87,74,55,7.99,broken clouds
269,Tessalit,ML,20.1986,1.0114,84.18,37,100,22.39,light rain
270,Touros,BR,-5.1989,-35.4608,79.16,79,88,9.01,overcast clouds
271,Ucluelet,CA,48.9329,-125.5528,53.1,86,100,1.99,overcast clouds
272,Gizo,SB,-8.103,156.8419,81.27,78,29,5.99,scattered clouds
273,Arlington,US,32.7357,-97.1081,72.95,51,75,21.85,broken clouds
274,Xichang,CN,27.8964,102.2634,68.56,92,100,3.15,heavy intensity rain
275,Puerto Madryn,AR,-42.7692,-65.0385,50.67,22,0,11.3,clear sky
276,Warrington,GB,53.3925,-2.5802,60.69,70,0,16.11,clear sky
277,Baykit,RU,61.67,96.37,45.41,94,86,4.81,overcast clouds
278,Khuzhir,RU,53.1939,107.3397,46.56,54,0,2.39,clear sky
279,Kamenka,RU,51.3223,42.7678,44.08,66,100,1.72,overcast clouds
280,Pemba,MZ,-12.974,40.5178,79.5,83,40,5.75,scattered clouds
281,Perevoz,RU,55.5961,44.5446,37.67,83,47,7.25,scattered clouds
282,Edremit,TR,39.5961,27.0244,65.95,77,0,2.3,clear sky
283,Alappuzha,IN,9.49,76.3264,80.58,84,13,4.03,few clouds
284,Susangerd,IR,31.5608,48.1831,87.21,16,0,9.33,clear sky
285,Yuzhnyy,RU,53.2542,83.6936,62.98,45,0,11.18,clear sky
286,Kem,RU,64.9555,34.5793,34.59,89,54,5.46,broken clouds
287,Seoul,KR,37.5683,126.9778,56.64,87,20,2.3,few clouds
288,Palana,RU,59.1167,159.9667,40.08,81,100,2.46,overcast clouds
289,Kruisfontein,ZA,-34.0033,24.7314,59.18,81,4,14.72,clear sky
290,Torbay,CA,47.6666,-52.7314,46.89,54,40,10.36,scattered clouds
291,Igarka,RU,67.4667,86.5833,34.86,84,99,11.74,overcast clouds
292,Yongan,CN,39.6957,113.6871,53.47,28,5,1.86,clear sky
293,Svecha,RU,58.2785,47.5164,38.89,97,100,5.66,overcast clouds
294,College,US,64.8569,-147.8028,63.0,45,75,10.36,broken clouds
295,Mildura,AU,-34.2,142.15,51.76,100,75,0.0,broken clouds
296,Tyssedal,NO,60.1165,6.562,51.87,98,100,4.65,overcast clouds
297,Bacolod,PH,10.6667,122.95,79.02,79,59,2.15,broken clouds
298,Egvekinot,RU,66.3167,-179.1667,38.44,81,100,6.11,overcast clouds
299,Estelle,US,29.8458,-90.1067,73.38,94,100,3.44,moderate rain
300,Balingasay,PH,16.3573,119.8564,81.99,80,86,7.7,overcast clouds
301,Port Lincoln,AU,-34.7333,135.8667,57.11,88,8,7.29,clear sky
302,Comodoro Rivadavia,AR,-45.8667,-67.5,46.26,36,0,14.97,clear sky
303,Virginia Beach,US,36.8529,-75.978,62.02,93,100,5.01,overcast clouds
304,Matara,LK,5.9485,80.5353,78.1,90,100,7.63,overcast clouds
305,Butler,US,39.4501,-84.5666,82.54,65,40,13.8,scattered clouds
306,Aksay,RU,47.26,39.87,59.25,75,52,5.99,broken clouds
307,Hargeysa,SO,9.56,44.065,75.4,44,95,11.95,overcast clouds
308,Ca Mau,VN,9.1769,105.15,81.41,79,100,8.9,overcast clouds
309,Nanakuli,US,21.3906,-158.1547,84.15,52,40,11.5,scattered clouds
310,Tual,ID,-5.6667,132.75,81.32,79,99,5.14,overcast clouds
311,Insar,RU,53.8653,44.3738,37.65,84,21,6.71,few clouds
312,Salalah,OM,17.0151,54.0924,84.29,79,20,4.61,few clouds
313,Porto Novo,BJ,6.4965,2.6036,82.22,81,90,6.62,overcast clouds
314,Batemans Bay,AU,-35.7167,150.1833,55.09,86,100,3.89,overcast clouds
315,Mount Isa,AU,-20.7333,139.5,51.57,87,0,0.0,clear sky
316,Pierre,US,44.3683,-100.351,68.86,40,75,4.61,broken clouds
317,Rocha,UY,-34.4833,-54.3333,53.01,95,100,16.22,moderate rain
318,Moen,NO,69.1304,18.6123,59.72,47,75,2.3,broken clouds
319,Fontem,CM,5.4685,9.8818,66.06,95,18,2.01,light rain
320,Cabedelo,BR,-6.9811,-34.8339,75.87,86,100,10.76,light rain
321,Tuatapere,NZ,-46.1333,167.6833,43.18,81,100,1.54,overcast clouds
322,Oxapampa,PE,-10.5775,-75.4017,64.18,91,55,2.8,broken clouds
323,Oistins,BB,13.0667,-59.5333,84.29,70,20,17.27,few clouds
324,Lokosovo,RU,61.1333,74.8167,56.26,68,100,9.13,overcast clouds
325,Zhoucheng,CN,35.9122,116.3117,57.99,40,95,1.23,overcast clouds
326,Brae,GB,60.3964,-1.353,48.87,86,35,18.14,scattered clouds
327,Ensley,US,30.5188,-87.2728,84.09,79,40,14.97,scattered clouds
328,Port Hedland,AU,-20.3167,118.5667,69.85,88,40,6.91,scattered clouds
329,Bandarbeyla,SO,9.4942,50.8122,80.47,85,50,17.49,scattered clouds
330,Airai,TL,-8.9266,125.4092,58.64,94,100,2.55,overcast clouds
331,Ketchikan,US,55.3422,-131.6461,57.67,58,40,12.66,scattered clouds
332,Alice Springs,AU,-23.7,133.8833,49.55,76,40,5.75,scattered clouds
333,Boralday,KZ,43.3578,76.8594,64.26,68,75,4.47,broken clouds
334,Sibolga,ID,1.7427,98.7792,76.59,84,100,3.38,overcast clouds
335,Olafsvik,IS,64.8945,-23.7142,42.46,85,99,7.9,overcast clouds
336,Tambopata,PE,-12.7333,-69.1833,78.69,89,75,2.3,broken clouds
337,Kavieng,PG,-2.5744,150.7967,80.42,77,100,7.4,overcast clouds
338,Takoradi,GH,4.8845,-1.7554,78.96,81,100,6.58,light rain
339,Villefranche-De-Rouergue,FR,44.3333,2.0,57.13,61,9,7.36,clear sky
340,Constitucion,CL,-35.3333,-72.4167,56.82,59,31,14.12,scattered clouds
341,Limbe,CM,4.0242,9.2149,78.46,86,100,5.97,light rain
342,Arona,ES,28.0996,-16.681,63.12,64,40,17.27,scattered clouds
343,Cape Canaveral,US,28.4058,-80.6048,87.08,68,0,14.97,clear sky
344,Salekhard,RU,66.53,66.6019,45.0,64,100,16.44,overcast clouds
345,Ponta Delgada,PT,37.7333,-25.6667,63.32,63,75,8.05,broken clouds
346,Rawson,AR,-43.3002,-65.1023,50.05,24,0,15.7,clear sky
347,Dakar,SN,14.6937,-17.4441,73.53,78,40,11.5,scattered clouds
348,Cockburn Town,TC,21.4612,-71.1419,79.56,73,5,15.46,clear sky
349,Ormara,PK,25.2088,64.6357,81.73,88,3,8.97,clear sky
350,Cabo San Lucas,MX,22.8909,-109.9124,84.61,57,0,5.75,clear sky
351,Palmer,US,42.1584,-72.3287,76.64,45,75,8.05,broken clouds
352,Mezen,RU,65.8522,44.24,40.86,97,99,7.43,overcast clouds
353,Nanortalik,GL,60.1432,-45.2371,34.3,76,7,18.12,clear sky
354,Galesong,ID,-5.3166,119.3661,73.42,83,97,4.52,overcast clouds
355,Padang,ID,-0.9492,100.3543,77.32,71,100,4.5,overcast clouds
356,Husavik,IS,66.0449,-17.3389,42.49,90,97,7.72,overcast clouds
357,Keighley,GB,53.8679,-1.9066,58.71,71,40,10.36,scattered clouds
358,Zhanaozen,KZ,43.3,52.8,60.12,42,80,12.3,broken clouds
359,Azua,DO,18.4532,-70.7349,84.99,64,15,10.11,few clouds
360,Cheremushskiy,RU,61.2731,47.2636,39.31,97,87,3.27,light rain
361,Poso,ID,-1.3959,120.7524,78.48,80,100,3.0,overcast clouds
362,Nuevitas,CU,21.5453,-77.2644,83.53,62,18,15.1,few clouds
363,Linxia,CN,35.6003,103.2064,57.22,88,100,1.68,overcast clouds
364,Ulcinj,ME,41.9294,19.2244,73.62,59,59,7.0,broken clouds
365,Banting,MY,2.8167,101.5,75.34,93,95,1.45,overcast clouds
366,Yar-Sale,RU,66.8333,70.8333,35.62,78,77,10.85,broken clouds
367,Ziyang,CN,29.2497,117.8547,70.88,76,100,2.3,overcast clouds
368,Coos Bay,US,43.3665,-124.2179,79.32,88,0,13.8,clear sky
369,Wladyslawowo,PL,54.7909,18.4009,54.01,89,7,6.2,clear sky
370,Ambositra,MG,-20.5167,47.25,54.82,83,10,1.16,clear sky
371,Manali,IN,13.1667,80.2667,86.09,87,10,9.06,clear sky
372,Akdepe,TM,42.0551,59.3788,68.09,33,48,7.56,scattered clouds
373,Hirara,JP,24.8,125.2833,75.18,91,100,4.36,overcast clouds
374,Richards Bay,ZA,-28.783,32.0377,65.3,81,0,4.99,clear sky
375,Bafoulabe,ML,13.8065,-10.8321,95.65,31,100,7.99,overcast clouds
376,Portsmouth,GB,50.799,-1.0913,60.01,89,20,10.0,few clouds
377,Nikolskoye,RU,59.7035,30.7861,49.89,66,65,4.81,broken clouds
378,Beringovskiy,RU,63.05,179.3167,43.66,70,75,6.06,broken clouds
379,Abalak,RU,58.1286,68.5944,65.79,58,100,10.51,overcast clouds
380,Ugoofaaru,MV,5.6667,73.0,82.54,79,100,11.86,overcast clouds
381,Edd,ER,13.9297,41.6925,83.35,76,5,4.29,clear sky
382,Talnakh,RU,69.4865,88.3972,29.21,92,86,3.91,overcast clouds
383,Dunedin,NZ,-45.8742,170.5036,43.81,62,68,8.99,broken clouds
384,Kuusankoski,FI,60.907,26.6244,55.92,47,0,5.75,clear sky
385,Floro,NO,61.5996,5.0328,52.23,81,75,11.5,broken clouds
386,Evensk,RU,61.95,159.2333,39.31,88,100,1.74,overcast clouds
387,Arman,RU,59.7,150.1667,39.02,99,100,4.94,light rain
388,Zanjan,IR,36.6736,48.4787,51.89,71,38,7.09,scattered clouds
389,Vila Franca Do Campo,PT,37.7167,-25.4333,63.01,66,67,4.74,broken clouds
390,Canguaretama,BR,-6.38,-35.1289,75.47,90,100,7.99,light rain
391,Luanda,AO,-8.8368,13.2343,73.4,83,40,8.05,scattered clouds
392,Idritsa,RU,56.3316,28.8988,52.56,76,77,5.12,broken clouds
393,Lazaro Cardenas,MX,17.9583,-102.2,84.27,59,95,11.41,overcast clouds
394,San Quintin,MX,30.4833,-115.95,68.86,58,0,10.58,clear sky
395,Sinnai,IT,39.3042,9.2036,72.12,77,20,5.75,moderate rain
396,Kitimat,CA,54.0524,-128.6534,52.18,94,100,1.88,moderate rain
397,Kralendijk,BQ,12.15,-68.2667,84.18,74,40,24.16,scattered clouds
398,Dunda,TZ,-8.1167,34.25,64.99,77,52,2.57,broken clouds
399,Codrington,AU,-38.2667,141.9667,56.86,87,100,11.27,overcast clouds
400,Remanso,BR,-9.6179,-42.0831,81.48,56,62,12.15,broken clouds
401,Mikhaylovskoye,RU,51.8239,79.7172,64.15,59,5,7.23,clear sky
402,Verkhnevilyuysk,RU,63.4453,120.3167,34.14,82,19,4.29,few clouds
403,Sabang,ID,5.8933,95.3214,83.46,73,78,8.75,broken clouds
404,Longyan,CN,25.1072,117.0225,72.61,99,98,2.51,light rain
405,San Lazaro,BZ,18.0387,-88.6622,87.15,62,100,11.25,overcast clouds
406,Pachperwa,IN,27.5167,82.65,79.38,44,3,2.59,clear sky
407,Vardo,NO,70.3705,31.1107,40.98,81,0,11.5,clear sky
408,Caravelas,BR,-17.7125,-39.2481,70.93,87,0,7.99,clear sky
409,Myitkyina,MM,25.3833,97.4,73.99,99,88,0.56,overcast clouds
410,Kourou,GF,5.1552,-52.6478,86.05,72,36,8.19,scattered clouds
411,Bembereke,BJ,10.2283,2.6634,82.45,50,65,4.76,broken clouds
412,Palmerston,AU,-12.486,130.9833,75.18,94,0,3.44,clear sky
413,Pisz,PL,53.6274,21.8125,50.74,97,100,3.67,overcast clouds
414,Mogadishu,SO,2.0371,45.3438,79.65,85,100,13.89,overcast clouds
415,Iquique,CL,-20.2208,-70.1431,62.64,70,93,5.19,overcast clouds
416,Kindu,CD,-2.95,25.95,67.91,99,99,0.67,overcast clouds
417,Chumikan,RU,54.7183,135.315,42.73,97,85,5.55,overcast clouds
418,Nueva Loja,EC,0.0847,-76.8828,77.02,83,75,9.22,broken clouds
419,Sterling,US,39.0062,-77.4286,72.45,60,75,9.22,broken clouds
420,Udachnyy,RU,66.4167,112.4,35.46,80,100,13.09,overcast clouds
421,Victoria,HK,22.2855,114.1577,79.32,92,47,5.99,scattered clouds
422,San Cristobal,VE,7.7669,-72.225,78.98,67,100,5.3,overcast clouds
423,Ginir,ET,7.1333,40.7,59.54,82,62,5.82,broken clouds
424,Portland,US,45.5234,-122.6762,72.99,63,75,6.91,broken clouds
425,Owasso,US,36.2695,-95.8547,62.51,85,100,11.5,overcast clouds
426,Cefalu,IT,38.0386,14.0229,78.55,59,76,11.99,broken clouds
427,Kargil,IN,34.5667,76.1,50.99,42,27,2.24,scattered clouds
428,Yala,TH,6.3333,101.25,74.91,91,100,3.2,overcast clouds
429,Lunsar,SL,8.6833,-12.5333,73.02,95,100,5.26,light rain
430,Carnot,CF,4.9409,15.8665,72.19,82,7,1.14,clear sky
431,Bambous Virieux,MU,-20.3428,57.7575,71.22,88,40,5.75,scattered clouds
432,Caxito,AO,-8.5785,13.6643,68.25,96,53,0.49,broken clouds
433,Nome,US,64.5011,-165.4064,53.11,66,0,12.66,clear sky
434,Mindelo,CV,16.8901,-24.9804,74.75,60,20,17.27,few clouds
435,Honiara,SB,-9.4333,159.95,77.16,88,14,3.58,few clouds
436,Ust-Barguzin,RU,53.45,108.9833,45.32,61,0,2.95,clear sky
437,Davila,PH,18.4726,120.5763,81.54,79,95,6.91,overcast clouds
438,Sandwick,GB,60.0,-1.25,49.82,87,40,18.41,scattered clouds
439,Beni Mazar,EG,28.4962,30.8029,82.8,24,0,18.54,clear sky
440,Nong Phai,TH,15.9903,101.0618,77.49,88,96,3.02,overcast clouds
441,Kudahuvadhoo,MV,2.6708,72.8944,82.6,74,78,7.43,broken clouds
442,Rodez,FR,44.5,2.5833,56.03,71,0,10.36,clear sky
443,Burnie,AU,-41.0667,145.9167,55.94,88,100,9.93,overcast clouds
444,Svetlyy,RU,54.675,20.1347,48.96,88,30,4.65,scattered clouds
445,Katherine,AU,-14.4667,132.2667,62.92,55,82,5.75,broken clouds
446,Angoram,PG,-4.0625,144.0661,72.79,99,67,0.98,broken clouds
447,Hanmer Springs,NZ,-42.5167,172.8167,39.36,97,100,1.23,overcast clouds
448,Kahului,US,20.8947,-156.47,78.82,72,40,14.97,scattered clouds
449,Weihe,CN,32.9952,105.3247,59.83,97,100,4.54,overcast clouds
450,Jiwani,PK,25.05,61.7417,83.89,87,0,3.31,clear sky
451,Dingle,PH,10.9995,122.6711,78.17,87,98,2.68,overcast clouds
452,Maceio,BR,-9.6658,-35.7353,72.84,88,100,5.75,moderate rain
453,Ouricuri,BR,-7.8825,-40.0817,73.26,84,79,8.08,broken clouds
454,Oktyabrskiy,RU,54.4815,53.471,44.4,81,99,7.96,overcast clouds
455,Mpongwe,ZM,-13.5091,28.155,57.51,46,0,5.59,clear sky
456,Pasighat,IN,28.0667,95.3333,75.81,97,99,0.92,overcast clouds
457,Innisfail,AU,-17.5333,146.0333,67.5,92,24,4.38,few clouds
458,Qorveh,IR,35.1664,47.8045,54.41,46,0,8.23,clear sky
459,Asfi,MA,32.2994,-9.2372,65.77,75,43,20.22,scattered clouds
460,Larsnes,NO,62.2028,5.5773,53.01,77,100,10.11,overcast clouds
461,Waingapu,ID,-9.6567,120.2641,77.38,87,100,8.12,light rain
462,Bahia Blanca,AR,-38.7196,-62.2724,51.22,35,0,6.6,clear sky
463,Kastamonu,TR,41.5,33.6667,47.82,85,0,1.01,clear sky
464,Taoudenni,ML,22.6783,-3.9836,99.63,8,100,3.53,overcast clouds
465,Soure,BR,-0.7167,-48.5233,79.84,84,76,7.25,broken clouds
466,Pareora,NZ,-44.4871,171.2132,43.18,71,96,5.86,overcast clouds
467,Guisa,CU,20.255,-76.5386,81.3,73,74,5.53,broken clouds
468,Phangnga,TH,8.4509,98.5298,82.44,92,97,3.87,overcast clouds
469,Omboue,GA,-1.5746,9.2618,75.11,86,33,7.56,scattered clouds
470,Deloraine,AU,-41.5333,146.6667,43.36,95,100,1.79,overcast clouds
471,Mlonggo,ID,-6.5333,110.7,79.38,79,100,0.51,overcast clouds
472,Sao Domingos,BR,-13.3983,-46.3183,80.46,31,5,7.0,clear sky
473,Jieshi,CN,22.8134,115.8257,76.23,93,75,6.13,broken clouds
474,Fez,MA,34.0372,-4.9998,73.65,30,0,2.3,clear sky
475,Sulangan,PH,11.1373,123.7228,83.14,77,86,8.16,overcast clouds
476,Tototlan,MX,20.55,-102.8,91.54,11,56,6.26,broken clouds
477,Saint-Michel-Des-Saints,CA,46.6834,-73.9159,69.94,31,55,3.18,broken clouds
478,Tahoua,NE,14.8888,5.2692,92.35,15,40,5.97,scattered clouds
479,Guerrero Negro,MX,27.9769,-114.0611,76.68,43,0,10.25,clear sky
480,Meulaboh,ID,4.1363,96.1285,77.18,86,89,4.03,overcast clouds
481,Hailar,CN,49.2,119.7,53.6,39,100,1.05,overcast clouds
482,Vestmannaeyjar,IS,63.4427,-20.2734,45.72,70,35,3.04,scattered clouds
483,Carroll,US,39.5501,-77.0164,72.09,50,94,5.99,overcast clouds
484,La Palma,US,33.8464,-118.0467,89.65,69,40,10.36,scattered clouds
485,Srednekolymsk,RU,67.45,153.6833,42.84,70,43,17.83,scattered clouds
486,Poya,NC,-21.35,165.15,71.06,82,5,1.07,clear sky
487,Jutai,BR,-5.1833,-68.9,89.01,51,81,5.17,broken clouds
488,Bol,TD,13.4586,14.7147,82.94,53,1,7.92,clear sky
489,Show Low,US,34.2542,-110.0298,77.07,12,0,13.8,clear sky
490,Port Blair,IN,11.6667,92.75,82.44,89,75,8.05,mist
491,Goure,NE,13.9835,10.2704,85.95,9,0,6.73,clear sky
492,San Vicente,AR,-26.6167,-54.1333,72.91,54,0,5.1,clear sky
493,Mehriz,IR,31.5917,54.4318,73.9,11,0,1.05,clear sky
494,Juchipila,MX,21.4167,-103.1167,93.56,7,0,1.74,clear sky
495,Raudeberg,NO,61.9875,5.1352,48.96,81,99,16.62,overcast clouds
496,Henties Bay,NA,-22.116,14.2845,59.25,81,0,7.78,clear sky
497,Navoi,UZ,40.0844,65.3792,80.08,26,70,16.11,broken clouds
498,Bentiu,SS,9.2333,29.8333,83.37,53,100,5.32,overcast clouds
499,Nurota,UZ,40.5614,65.6886,76.75,31,64,6.8,broken clouds
500,Namibe,AO,-15.1961,12.1522,67.08,77,0,8.37,clear sky
501,The Valley,AI,18.217,-63.0578,84.06,65,40,13.8,scattered clouds
502,Inyonga,TZ,-6.7167,32.0667,67.59,62,88,1.41,overcast clouds
503,Dana Point,US,33.467,-117.6981,81.97,79,34,3.0,scattered clouds
504,Andilamena,MG,-17.0167,48.5833,58.6,98,26,3.2,scattered clouds
505,Mordovo,RU,52.0834,40.77,44.94,75,100,3.31,overcast clouds
506,Shakhtinsk,KZ,49.71,72.5872,64.11,41,33,7.43,scattered clouds
507,Ixtapa,MX,20.7,-105.2,81.63,69,0,13.8,clear sky
508,Kolosovka,RU,56.4678,73.611,63.95,59,100,6.44,overcast clouds
509,Stavropol,RU,45.0428,41.9733,53.89,62,0,8.95,clear sky
510,Marrakesh,MA,31.6315,-8.0083,82.47,23,40,8.05,scattered clouds
511,Christchurch,NZ,-43.5333,172.6333,44.94,88,75,5.75,drizzle
512,Akcaabat,TR,41.0212,39.5715,58.87,72,0,5.75,clear sky
513,Umm Lajj,SA,25.0213,37.2685,80.51,58,0,4.9,clear sky
514,Bonavista,CA,48.6499,-53.1147,44.58,65,74,15.3,broken clouds
515,Kysyl-Syr,RU,63.8986,122.7617,38.1,78,100,9.75,overcast clouds
516,Pokosnoye,RU,55.5258,101.0536,54.14,56,4,4.34,clear sky
517,Kununurra,AU,-15.7667,128.7333,64.38,88,79,0.0,broken clouds
518,Luau,AO,-10.7073,22.2247,61.86,46,92,3.62,overcast clouds
519,Bonthe,SL,7.5264,-12.505,75.94,89,100,7.29,moderate rain
520,Kungurtug,RU,50.5994,97.5228,56.39,55,81,3.22,broken clouds
521,Mikhaylovka,RU,50.06,43.2379,51.78,74,95,4.38,overcast clouds
522,Mount Abu,IN,24.6,72.7,72.77,59,0,6.87,clear sky
523,Samarai,PG,-10.6167,150.6667,79.05,80,45,8.12,scattered clouds
524,Eravur,LK,7.7733,81.6095,79.36,82,100,3.78,overcast clouds
525,Nosy Varika,MG,-20.5833,48.5333,69.96,91,10,6.31,clear sky
526,Calmar,CA,53.2668,-113.8187,68.56,36,75,10.36,broken clouds
527,Tete,MZ,-16.1564,33.5867,66.29,77,20,2.3,few clouds
528,Saint-Leu,RE,-21.15,55.2833,68.86,77,8,2.01,clear sky
529,Gunjur,GM,13.2019,-16.7339,75.27,78,0,9.22,clear sky
530,Flin Flon,CA,54.7682,-101.865,66.04,39,20,8.05,few clouds
531,Sydney,AU,-33.8679,151.2073,55.38,84,0,6.91,light rain
532,Talaya,RU,61.3833,152.75,36.99,99,100,3.18,light rain
533,Sikonge,TZ,-5.6333,32.7667,70.7,64,100,2.28,light rain
534,Tuy Hoa,VN,13.0833,109.3,77.77,88,99,5.5,overcast clouds
535,Trairi,BR,-3.2778,-39.2689,79.3,85,45,5.82,scattered clouds
536,Sadiqabad,PK,28.3062,70.1307,93.43,32,0,16.06,clear sky
537,Jining,CN,35.405,116.5814,57.18,38,73,0.83,broken clouds
538,Mingyue,CN,43.1069,128.9217,50.2,98,100,1.54,light rain
539,Labuan,MY,5.2767,115.2417,80.96,89,20,2.3,few clouds
540,Xacmaz,AZ,41.4635,48.806,53.17,75,9,5.21,clear sky
541,Nyurba,RU,63.2842,118.3319,33.62,82,20,3.87,few clouds
542,Quijingue,BR,-10.7525,-39.2092,70.68,92,49,8.79,scattered clouds
543,Marsh Harbour,BS,26.5412,-77.0636,79.27,67,56,15.52,broken clouds
544,Sillamae,EE,59.3997,27.7547,55.33,63,98,0.83,overcast clouds
545,Moerai,PF,-22.4333,-151.3333,76.69,63,20,1.3,few clouds
546,Tukrah,LY,32.5341,20.5791,76.24,35,0,9.08,clear sky
547,Shahjahanpur,IN,27.8833,79.9167,84.99,29,0,4.85,clear sky
548,Zhangjiakou,CN,40.81,114.8794,57.79,25,0,4.63,clear sky
549,Lermontovka,RU,47.1453,134.3383,52.68,94,99,2.51,overcast clouds
550,Mitsamiouli,KM,-11.3847,43.2844,80.13,72,37,6.85,scattered clouds
551,Presidencia Roque Saenz Pena,AR,-26.7852,-60.4388,85.42,45,45,4.83,scattered clouds
552,Kapuskasing,CA,49.4169,-82.4331,68.09,32,100,2.3,overcast clouds
553,Vilhena,BR,-12.7406,-60.1458,86.22,48,40,10.36,scattered clouds
554,Tongliao,CN,43.6125,122.2653,52.95,78,100,15.12,overcast clouds
555,Ginda,IN,30.6945,78.4932,57.13,59,3,5.39,clear sky
556,Mao,ES,39.8885,4.2658,61.36,72,20,5.75,few clouds
557,Ahipara,NZ,-35.1667,173.1667,58.57,65,100,4.41,overcast clouds
558,Malazgirt,TR,39.1427,42.5401,42.96,72,1,2.26,clear sky
559,Leh,IN,34.1667,77.5833,48.94,51,88,3.2,overcast clouds
560,Mattru,SL,7.6244,-11.8332,72.46,99,100,4.79,moderate rain
561,Boyabat,TR,41.4689,34.7667,53.74,89,0,0.78,clear sky
562,Kitui,KE,-1.367,38.0106,63.72,91,86,6.24,overcast clouds
563,Watsa,CD,3.0372,29.5355,63.03,89,100,0.76,overcast clouds
564,Porangatu,BR,-13.4408,-49.1486,77.49,35,8,3.76,clear sky
565,Gabane,BW,-24.6667,25.7822,50.83,36,0,3.44,clear sky
566,De Aar,ZA,-30.6497,24.0123,55.02,38,0,4.7,clear sky
567,Lasa,IT,46.6166,10.7002,59.88,91,71,2.91,broken clouds
568,Gilbues,BR,-9.8317,-45.3439,81.18,37,26,3.8,scattered clouds
569,Smithers,CA,54.7804,-127.1743,55.72,54,75,0.0,broken clouds
570,Pisco,PE,-13.7,-76.2167,68.05,68,0,6.91,clear sky
571,San Rafael,AR,-34.6177,-68.3301,43.75,78,100,9.42,overcast clouds
572,Vao,NC,-22.6667,167.4833,74.46,75,3,5.28,clear sky
573,Falun,SE,60.6036,15.626,54.01,80,8,5.68,clear sky
574,Claremont,US,34.0967,-117.7198,100.67,45,0,17.27,clear sky
575,Taltal,CL,-25.4,-70.4833,64.9,64,50,1.32,scattered clouds
576,Gat,IL,31.61,34.7642,77.4,70,0,5.86,clear sky
577,Santiago Del Estero,AR,-27.7951,-64.2615,77.97,48,39,12.97,scattered clouds
578,Sayville,US,40.7359,-73.0821,69.3,58,75,12.66,broken clouds
579,Suoyarvi,RU,62.0833,32.35,41.41,85,100,3.96,overcast clouds
580,Ajdabiya,LY,30.7554,20.2263,83.53,15,0,9.57,clear sky
581,Conceicao Do Araguaia,BR,-8.2578,-49.2647,78.55,60,4,1.81,clear sky
582,Dharmavaram,IN,14.4333,77.7167,86.32,54,90,13.22,overcast clouds
583,Salaga,GH,8.5508,-0.5188,77.9,81,53,5.66,moderate rain
584,Pereslavl-Zalesskiy,RU,56.7393,38.8563,41.9,87,98,6.2,overcast clouds
585,Seymchan,RU,62.8833,152.4333,46.11,72,100,4.79,overcast clouds
586,Antalaha,MG,-14.9003,50.2788,70.11,89,3,5.39,clear sky
587,Wamba,NG,8.9333,8.6,77.04,74,48,1.45,light rain
588,Hofn,IS,64.2539,-15.2082,43.7,85,97,3.44,overcast clouds
589,Saint George,US,37.1041,-113.5841,92.43,11,0,4.0,clear sky
590,Ulaanbaatar,MN,47.9077,106.8832,37.53,52,0,2.24,clear sky
591,Gari,RU,59.4307,62.3497,56.53,95,100,7.52,overcast clouds
592,Skibotn,NO,69.3913,20.2679,51.03,72,9,14.54,clear sky
593,Waipawa,NZ,-41.4122,175.5153,45.09,75,99,9.95,overcast clouds
594,Brigantine,US,39.4101,-74.3646,66.2,56,0,16.11,clear sky
595,Puerto Del Rosario,ES,28.5004,-13.8627,67.75,73,20,18.41,few clouds
596,Greensburg,US,40.3015,-79.5389,77.0,61,20,14.97,few clouds
597,Papetoai,PF,-17.4961,-149.8729,81.99,68,4,9.6,clear sky
598,Tomatlan,MX,19.9333,-105.25,91.92,38,0,13.6,clear sky
599,Lydenburg,ZA,-25.0978,30.4597,54.39,46,0,2.42,clear sky
600,Bilma,NE,18.6853,12.9164,91.9,9,0,6.49,clear sky
601,Bow Island,CA,49.8668,-111.3684,70.81,28,99,8.05,overcast clouds
602,Havelock,US,34.8791,-76.9013,73.38,78,100,13.8,overcast clouds
603,New Ulm,US,44.3125,-94.4605,52.43,90,100,11.5,overcast clouds
604,Zhigansk,RU,66.7697,123.3711,31.96,82,38,22.82,scattered clouds
605,Wattegama,LK,6.7989,81.4808,75.43,87,100,6.62,overcast clouds
606,Andenes,NO,69.3143,16.1194,57.18,62,75,6.91,broken clouds
607,Kunstat,CZ,49.5065,16.5172,54.05,97,7,3.38,clear sky
608,Santa Cruz,BO,-17.8,-63.1667,86.05,54,40,19.57,scattered clouds
609,Izumo,JP,35.3667,132.7667,64.35,92,100,4.54,light rain
610,Jabinyanah,TN,35.035,10.9081,84.0,48,42,10.65,scattered clouds
611,Ekibastuz,KZ,51.6667,75.3667,65.48,38,100,6.82,overcast clouds
612,Eyl,SO,7.9803,49.8164,80.22,78,48,21.9,scattered clouds
613,Guiyang,CN,26.5833,106.7167,70.29,94,100,2.24,overcast clouds
614,Chernyshevskiy,RU,63.0128,112.4714,35.83,69,62,8.59,broken clouds
615,Loandjili,CG,-4.7561,11.8578,74.57,90,7,5.46,clear sky
616,Aripuana,BR,-9.1667,-60.6333,82.85,61,100,1.23,overcast clouds
617,Havre-Saint-Pierre,CA,50.2334,-63.5986,59.36,51,20,18.41,few clouds
618,Gordeyevka,RU,52.9569,31.9703,52.5,81,100,7.07,overcast clouds
619,Coruripe,BR,-10.1256,-36.1756,76.19,87,100,14.45,light rain
620,Teruel,ES,40.6667,-0.6667,41.31,79,11,9.4,few clouds
621,Xining,CN,36.6167,101.7667,54.77,79,100,1.43,light rain
622,Northam,GB,51.0333,-4.2167,56.39,91,2,16.73,clear sky
623,Hami,CN,42.8,93.45,78.53,12,100,7.23,overcast clouds
624,Kijang,KR,35.2442,129.2139,67.73,74,100,5.99,overcast clouds
625,San Francisco,US,37.7749,-122.4194,100.51,60,40,18.99,scattered clouds
626,Grindavik,IS,63.8424,-22.4338,48.15,81,40,6.91,scattered clouds
627,Lobito,AO,-12.3481,13.5456,71.26,81,0,3.44,clear sky
628,Pochutla,MX,15.7432,-96.4661,86.83,63,100,5.46,overcast clouds
629,Nhlangano,SZ,-27.1167,31.2,53.46,59,0,5.55,clear sky
630,Zafarwal,PK,32.3463,74.8999,83.43,36,0,4.43,clear sky
631,San Pedro Ayampuc,GT,14.7867,-90.4511,76.84,63,90,5.99,overcast clouds
632,Wufeng,CN,27.45,104.8333,58.44,99,100,3.6,overcast clouds
633,Laguna,US,38.421,-121.4238,100.69,21,0,6.91,clear sky
634,Leshukonskoye,RU,64.8989,45.7622,44.83,92,100,8.55,overcast clouds
635,Obertyn,UA,48.7003,25.1701,58.84,96,90,16.62,light rain
636,Thunder Bay,CA,48.4001,-89.3168,48.18,76,100,9.22,overcast clouds
637,Kambove,CD,-10.8764,26.5969,57.02,52,38,3.69,scattered clouds
638,Hvide Sande,DK,56.0045,8.1294,53.1,92,100,24.76,moderate rain
639,Tocopilla,CL,-22.092,-70.1979,67.78,67,68,7.29,broken clouds
640,Wewak,PG,-3.5534,143.6268,79.59,82,100,3.18,overcast clouds
641,Nenagh,IE,52.8619,-8.1967,54.93,87,74,10.8,broken clouds
642,Sakaiminato,JP,35.55,133.2333,64.38,88,75,3.44,light rain
643,Douglas,US,41.3,-96.167,53.6,95,100,16.11,moderate rain
644,Kargasok,RU,59.0556,80.8572,55.02,70,92,8.1,overcast clouds
645,Fare,PF,-16.7,-151.0167,80.71,67,1,11.81,clear sky
646,Port Hardy,CA,50.6996,-127.4199,59.18,55,75,12.66,broken clouds
647,Merauke,ID,-8.4667,140.3333,77.0,88,47,8.59,scattered clouds
648,Price,US,39.5994,-110.8107,75.11,14,0,3.44,clear sky
649,Taulov,DK,55.5458,9.6155,54.03,82,84,17.27,broken clouds
650,Rudbar,AF,30.15,62.6,91.04,9,15,5.75,few clouds
651,Madang,PG,-5.2246,145.7966,75.97,91,65,3.36,broken clouds
652,Svay Rieng,KH,11.0879,105.7993,79.02,85,100,7.16,overcast clouds
653,Yulara,AU,-25.2406,130.9889,55.0,68,2,6.55,clear sky
654,Pontivy,FR,48.0,-3.0,59.05,89,77,7.07,broken clouds
655,Kerewan,GM,13.4898,-16.0888,77.9,62,85,13.96,overcast clouds
656,Te Anau,NZ,-45.4167,167.7167,35.94,91,14,1.77,few clouds
657,Carson City,US,39.1638,-119.7674,88.45,17,0,1.99,clear sky
658,Troitskoye,RU,52.9821,84.6757,59.41,71,43,6.85,scattered clouds
659,La Ronge,CA,55.1001,-105.2842,57.45,41,75,11.5,broken clouds
660,Guildford,GB,51.2354,-0.5743,60.15,72,0,11.5,clear sky
661,Helden,DE,51.115,7.9519,60.66,60,100,8.95,overcast clouds
662,Sao Jose De Mipibu,BR,-6.0747,-35.2378,80.47,83,75,8.05,broken clouds
663,Ust-Nera,RU,64.5667,143.2,41.63,77,100,6.49,overcast clouds
664,Sinnamary,GF,5.3833,-52.95,80.94,79,16,9.26,few clouds
665,Usinsk,RU,65.9939,57.5281,54.55,72,100,21.88,overcast clouds
666,Wanning,CN,18.8003,110.3967,77.38,93,100,3.62,overcast clouds
667,Yerbogachen,RU,61.2767,108.0108,44.92,72,100,10.09,overcast clouds
668,Mehamn,NO,71.0357,27.8492,49.95,53,0,16.11,clear sky
669,Batagay,RU,67.6333,134.6333,34.61,79,100,10.42,light snow
670,Tabou,CI,4.423,-7.3528,78.31,82,65,6.58,light rain
671,Staroshcherbinovskaya,RU,46.6311,38.6742,57.99,72,97,7.99,overcast clouds
672,Marzuq,YE,14.4,46.4667,76.21,41,7,2.21,clear sky
673,Hede,CN,33.7681,120.2517,59.36,76,100,4.99,overcast clouds
674,Luwuk,ID,-0.9516,122.7875,77.86,90,98,5.26,overcast clouds
675,Muncar,ID,-8.4333,114.3333,76.64,92,97,3.18,overcast clouds
676,Bac Lieu,VN,9.285,105.7244,81.5,80,100,12.03,overcast clouds
677,Tilichiki,RU,60.4667,166.1,37.38,82,100,4.92,overcast clouds
678,Santa Isabel Do Rio Negro,BR,-0.4139,-65.0192,82.83,76,67,3.6,broken clouds
679,Kochki,RU,54.3358,80.4806,58.37,63,5,9.57,clear sky
680,Manaring,PH,17.1729,121.9025,75.69,94,100,2.33,overcast clouds
681,Nhulunbuy,AU,-12.2333,136.7667,68.61,94,100,0.0,overcast clouds
682,Vila Velha,BR,-20.3297,-40.2925,78.75,76,20,5.75,few clouds
683,Kidal,ML,18.4411,1.4078,88.95,31,94,14.58,overcast clouds
684,Salina Cruz,MX,16.1667,-95.2,87.67,60,100,10.94,overcast clouds
685,Moulins,FR,46.5,3.3333,52.52,80,40,2.59,scattered clouds
686,Ciudad Bolivar,VE,8.1222,-63.5497,89.47,50,76,12.37,broken clouds
687,Quelimane,MZ,-17.8786,36.8883,71.55,73,0,0.0,clear sky
688,Sibu,MY,2.3,111.8167,77.31,94,40,5.99,moderate rain
689,Khipro,PK,25.8285,69.3772,84.7,65,0,17.52,clear sky
690,Darhan,MN,49.4867,105.9228,57.87,39,94,6.4,overcast clouds
